path,bytes,sha256
.github/workflows/python-syntax.yml,345,68d5b6cb5b56e04ac7d1da73a4452f19987ac2f715eb369a58d09260bf66f498
.gitignore,609,b72231113d7e8d8060a1cb228610b7f183293f99089342419ff1daf0021d0f61
CHANGELOG.md,541,d5c8c43afc8ebff031fbf5131ab0389c28b36f4910f46c0ab3c3f5fb2724992a
CITATION.cff,546,02755245fd62b487681d0aa4b29fefeb1b47f73e560686f6ae84fc2f7b4e0e12
GITHUB_SETUP.md,2113,9f8e5d6383ebe4f0844d31076e436dfd9d9ab880d43ed4ab5aa20ce6e5714847
LICENSE,1072,a5775532f81404becfe1be743c3daf3ffb3b1d230f415f25feb7014ade3ff587
README.md,20493,f08c0259f470e61e223afd7ca2e53050ad81c6fb05a4ff131ac0c3fb2101551c
RELEASE_NOTES_v1.0.0.md,1052,e720f8103f7d4a576abfbddc759acb3ab3c658436bbd5411f143bc47f2ec6313
benchmarks/audit_all_ccz_pairs.csv,8858,addadd1e1147d7444068173849ff7616604b0b75894a6e858fac65d19d8b99d3
benchmarks/audit_summary.txt,2120,23db51e7be850e40c6b302e97478259ffb10e576aeefef753a923b4e4bd5f61a
benchmarks/ccz_mobility_market_panel_V3.csv,6422,60d0edfc80826cbaffe0787e612a082179293e86126de5970c6235c2dcc68772
benchmarks/phase2a_overview_V2.csv,182,fb4197d478e1b65486555216f764d0befa52be73df546cc26c9802514588f7f9
benchmarks/phase2d_ccz_cumulative_ranking.csv,1738,535bf97d584b6a662ba84870af211f085dd74bc95ab7e19a354999f55454092d
benchmarks/phase3a_ccz_local_basket_summary.csv,519,66132413fecf60c7df805b8cc3109df618bd8ddde93b9fe5a5b192b6c351ffd8
benchmarks/phase3a_inflation_ses_ccz.csv,3172,73c8b6d0c191cc2aa94f5316b6d3bfe6352b6abe7123c6d5dafb429a6dc9d6a7
benchmarks/phase4b_ccz_structural_price_levels.csv,2038,d7a8d10ad29780eab9f059106ea3b57f1fa98799fb5b6e3340f4754195b85a51
benchmarks/phase4e_best_destinations_by_ccz.csv,1418,7d75205fae3ba6234cb4b5377fb7883fedc96fd572ae9d24d7f7423ef3231360
benchmarks/phase4e_ccz_potential_savings.csv,2276,aeb7b86466ef3af97457150d707dfdd5fc6627beb8d4ecc880a6b9500b1aa078
benchmarks/phase4e_diagnostics.csv,356,3df98a74c8f9571863e78660dbc006ef9396b4d0db233b895418bfc00ba0fe41
benchmarks/stm_ccz_network_edges_V5.csv,960,783371091e76cd93dbd0c0f2797fb180d1bfb8dfd1f18293c7bd5ddab6073c85
benchmarks/stm_v5_diagnostics.csv,189,0067341e6c60966bbd8e568063a58a5bcf7795e07c5b4c57e8ffdc574fe22420
data_final/.gitkeep,0,e3b0c44298fc1c149afbf4c8996fb92427ae41e4649b934ca495991b7852b855
data_intermediate/.gitkeep,0,e3b0c44298fc1c149afbf4c8996fb92427ae41e4649b934ca495991b7852b855
data_raw/README.md,546,8a8639e67eccb8e04f169e7f2f7fb05fc30c8025707c75dd6523e427b68fe97a
docs/PIPELINE.md,2638,6dd2485e6f57115d81924d23fcb55c356cead1433dab7b6d3b65832a12e86667
docs/RAW_SNAPSHOT_RECOMMENDATIONS.md,1781,06232915c4db184d65f4f6b26aa7fc4cc0bdb352e9a8064e93f0bc3e303d16f6
docs/REPRODUCIBILITY_AUDIT.md,2984,97d7d3316244e3d7314d2a6790922d5fd4d990729c76cfb9445f85fd8248aee1
figures/.gitkeep,0,e3b0c44298fc1c149afbf4c8996fb92427ae41e4649b934ca495991b7852b855
legacy/original_development_scripts/01_build_sipc_master_FIXED.ps1,5580,f2b0c78d662cd773ba50b9feee95398d7f163002352999896791816186a210fa
legacy/original_development_scripts/02_prepare_sipc_master.py,15208,5a8b241fdb0cd90421b3f5ea8514cdf9549baa1319558b038085a8fbd868e274
legacy/original_development_scripts/02_prepare_sipc_master_V2.py,11345,71096039e9b9f32f91aeb0107ad9374adbf5b9b107d965b3bedb35302bc4e161
legacy/original_development_scripts/02_prepare_sipc_master_V3.py,11432,5cb097a5c90d4630bf127664b737a5200b3af7634d8859cfb8d675aff9e8d847
legacy/original_development_scripts/02_run_prepare_sipc_master_V2.ps1,506,982dbae9ac051c9392dd89893eda8f4ff0b140ce4b8fe53b5d87a0a9b2183a0c
legacy/original_development_scripts/02_run_prepare_sipc_master_V3.ps1,506,9dbc28a10517d6ad25724ae900182dcab20ad59e066fb8f2b05fb96b90a61e54
legacy/original_development_scripts/03_audit_install_sipc_prices.py,3537,765a320b4185bb653119c27a9af15e5192fc1b878bb489e780f009b32350d560
legacy/original_development_scripts/03_refresh_sipc_prices_exact.py,6085,2c759126f78d6a76fd321dca82a06e21af94d281073b18c2bf6b491eb5f36db9
legacy/original_development_scripts/03_refresh_sipc_prices_resumable.ps1,2902,f61e53a89542e2c258813a93c017a3d7f93cf75f02048de86bf8f3fe6b38d2e8
legacy/original_development_scripts/03_run_refresh_sipc_prices_exact.ps1,816,0178ed1ad7dc3ffe29c29952080308b48cb15cf8fb136308e51212f582ad8a79
legacy/original_development_scripts/04_build_sipc_master_V4.py,10898,0f73c137d1048a36371ebd39ba3bb8344cbebd4bd396f99d5610b9d532821e97
legacy/original_development_scripts/04_run_build_sipc_master_V4.ps1,780,489e71c614b86d90c49df59599d8e1d015fdf4a658afa7bd550b7abefccb6524
legacy/original_development_scripts/05_build_montevideo_spatial_price_index.py,14671,0191ce862d9b3ef99147716633ec26a380a0092a2666e57a666de7252970543e
legacy/original_development_scripts/05_build_montevideo_spatial_price_index_V2.py,15026,110d599072056d1fa11cdc61f66d4c39ece76f88bdb1c0ad432d5d85bb034bec
legacy/original_development_scripts/05_run_montevideo_spatial_price_index.ps1,726,244afce1871894561ec091cafa626769d4ea1a2d1c6346a00d8e5cdf588987b7
legacy/original_development_scripts/05_run_montevideo_spatial_price_index_V2.ps1,672,63898d4e97218b5f25614758ad4420f47cfba95834c5cb6e21fdcf4915e122b3
legacy/original_development_scripts/06_build_montevideo_local_inflation.py,12657,a0ac49dca624cf52e70f8a6bdd16787b31a654ff01fe4bb8cbdd0eeee42553e2
legacy/original_development_scripts/06_run_montevideo_local_inflation.ps1,456,9712f4a0a3337425680739f70b471d3b779c38991cbd04ba436a798f4ac5452e
legacy/original_development_scripts/07_robustify_montevideo_local_inflation.py,14138,4dc8570a948ccd94127bb7f4aba66308d0bc36ef064ff34c884f8580b35d7628
legacy/original_development_scripts/07_run_robustify_montevideo_local_inflation.ps1,469,7cf8734d65e01a145875edc1bdf9c9861452f8b22bdfa53fd9979d6c93982b40
legacy/original_development_scripts/08_build_ccz_robust_inflation.py,8720,3df3cc81728e34ac77d4740318690d1a6bd582a8b82808518833c7040a23eb53
legacy/original_development_scripts/08_run_ccz_robust_inflation.ps1,455,f7bf4c46e6f5132f2083a7e9f3c2355e85cc76f129cbe48623e54a2565942e7a
legacy/original_development_scripts/09_make_ccz_inflation_maps.py,5097,30335d3f145283c73a4f2addfc8d26e812d56855700f5d3403c12b66bb751ce6
legacy/original_development_scripts/09_make_ccz_inflation_maps_V2.py,8121,ba7256ea8219a7cbde42b68a94ab25ccca9fd77709c7412b5462f83521c1b84e
legacy/original_development_scripts/09_make_ccz_inflation_maps_V3.py,6001,6d78a3f0eb4cc0b3d52e551040d630cc2fc1076f8896f2ab3459c6307895eee9
legacy/original_development_scripts/09_make_ccz_inflation_maps_V4.py,5844,1e719988ed7148738835bfd5aadc9cd5e09bbd9ac52354b65586e6bcc9f3fc84
legacy/original_development_scripts/09_run_ccz_inflation_maps.ps1,786,13e0f1f9bd0949c6190887116ac8b46b7dfddbde06cb08f8088c45b82d894343
legacy/original_development_scripts/09_run_ccz_inflation_maps_V2.ps1,699,7865909b1caa0249bdcdc5b0a325a74974bceb2dfb8166b7a3b90ed1689a0f83
legacy/original_development_scripts/09_run_ccz_inflation_maps_V3.ps1,447,44f77b81c091c35a2bfa1c181690f7cf506bc3a45c70b665e6f04aedeb874315
legacy/original_development_scripts/09_run_ccz_inflation_maps_V4.ps1,447,7b949ed547b100beadcc87c2c19f09abccd25dce4ec0c5c28c272acb673a6b2f
legacy/original_development_scripts/10_build_ses_and_local_baskets.py,13843,3e99465309c163e2d8e0e7373031447f5c146332669fc7027f277edec4637d5d
legacy/original_development_scripts/10_run_ses_and_local_baskets.ps1,773,681c04f5955bebe0fdbcba1819838b66d5457c2fc12fb2933984d99f96b79857
legacy/original_development_scripts/12_build_ccz_relative_price_levels.py,13267,ed69d537d6d7a12cc232398389f1d95f6f9c163593f525c6022e77c39b7a8ae0
legacy/original_development_scripts/12_build_ccz_relative_price_levels_V2.py,15054,bf6403dc569fd462af1a4f73cd73489a6b4ec65d64c04ee407f9f31169eaf7b2
legacy/original_development_scripts/12_run_ccz_relative_price_levels.ps1,780,ac34d1533ae542629b20685b9b6060d25a307e0c33fa9523213127d25779ec38
legacy/original_development_scripts/12_run_ccz_relative_price_levels_V2.ps1,699,83fd1fa398378a2905c01b6e5d70175cbab8688fd916bec49c09046d1f5d386b
legacy/original_development_scripts/13_build_stm_network(1).py,15565,f5d328e1f2b2290a274feeaed5f613ec7f7b80826966d3319ce75424ed1e0d98
legacy/original_development_scripts/13_build_stm_network.py,15565,f5d328e1f2b2290a274feeaed5f613ec7f7b80826966d3319ce75424ed1e0d98
legacy/original_development_scripts/13_build_stm_network_V4(1).py,7561,9200be59870da6e0df4bcf326f83da0de09abd564d4f226b4841cc0726682433
legacy/original_development_scripts/13_build_stm_network_V4(2).py,7561,9200be59870da6e0df4bcf326f83da0de09abd564d4f226b4841cc0726682433
legacy/original_development_scripts/13_build_stm_network_V5(2).py,16670,5056406dfa2aae492b96c7d60db939f52c7380cac76c43bac1b408867730c33f
legacy/original_development_scripts/13_build_stm_network_V5(3).py,16670,5056406dfa2aae492b96c7d60db939f52c7380cac76c43bac1b408867730c33f
legacy/original_development_scripts/13_run_stm_network(1).ps1,509,52dcaf94c394f930239de6eeac17e2f4837d085455d8a8dd7d6cf9b333f76638
legacy/original_development_scripts/13_run_stm_network.ps1,509,52dcaf94c394f930239de6eeac17e2f4837d085455d8a8dd7d6cf9b333f76638
legacy/original_development_scripts/13_run_stm_network_V4(1).ps1,365,c983eec9e03b3d6ba13fe020144cfda871a5e673ff8051f9504b193238a6c4fb
legacy/original_development_scripts/13_run_stm_network_V5(2).ps1,415,7313396b3900e5fe723f40f65b4bf6aea28fccbbc599ecbf6f24a74fa811604c
legacy/original_development_scripts/14_build_mobility_market_panel(2).py,29086,34e996f4a7fd07753504116196377809e2f6cd92a793e1302eaef4d6b5f21998
legacy/original_development_scripts/14_build_mobility_market_panel_V2(2).py,28875,770ee173b84cc01ae0278240c8f8f10f88c12d386f744af2ec2ad3840af3b985
legacy/original_development_scripts/14_build_mobility_market_panel_V3(1).py,24352,cafa03af7097cb35efc48279dfdd608c6b9ffe4cc36a50ba59019e8bbd194a04
legacy/original_development_scripts/14_run_mobility_market_panel(1).ps1,501,718fc15df138febe66248b8d54862f980e3a5130eb5f15475bc45f0f0d4d246f
legacy/original_development_scripts/14_run_mobility_market_panel_V2(1).ps1,513,dafc85785c30ade9f6e9ae35f89588329360a103b4e3e22897a80fec28c43330
legacy/original_development_scripts/14_run_mobility_market_panel_V3(1).ps1,513,f007559b9ec41e5a42f8510e7a258e54e5737588510abb5b4446f5dd77d78f76
legacy/original_development_scripts/15_build_spatial_market_access_4E(1).py,26771,6744cde09b351202f6269c73dd3354263a32c520ee6184ed868f2b4af53aad6c
legacy/original_development_scripts/15_run_spatial_market_access_4E(1).ps1,507,b3f81e9e759a02e5be1b43144190be87a274df49a0804d7e9c4bca345ffe709a
legacy/original_development_scripts/16_audit_spatial_access_4E(1).py,9329,65d490d05b98bc65c3ea19876a625f49b25ea8c677dbd99674478ab016d4393e
legacy/original_development_scripts/16_run_audit_spatial_access_4E(1).ps1,225,e63d11a2626afe9d4b677dfe2148216888fa03ee6d9e228b56f933ec7f2a0018
legacy/original_development_scripts/17_make_phase4e_figures(1).py,14190,476e34910f6951b309947b0a7d53267a056b84a0bea27f8482010b08e0b3810f
legacy/original_development_scripts/17_make_phase4e_figures_V2(2).py,14633,7708ec4d6d1874b07cdd911ca8ea01fbed307fbd6b5100b644ec5bfd8ee4972f
legacy/original_development_scripts/README_FIX.txt,747,4fd0b9f6a76c8a8855a6c402f860e4484eaae28666bb14a0d52d0e045f45d455
logs/.gitkeep,0,e3b0c44298fc1c149afbf4c8996fb92427ae41e4649b934ca495991b7852b855
maps/.gitkeep,0,e3b0c44298fc1c149afbf4c8996fb92427ae41e4649b934ca495991b7852b855
reproduce_all.ps1,2938,3e95b036377a4d73a541a33973997f9d27e8fe0bdf3f08441865ffefe014d352
requirements.txt,186,0f1d3a22ad5f460dc6b24afe1b9552f0cd4b8111def9329f71ac3bd91230e132
scripts/01_download_sipc_dimensions.ps1,2535,a3d9ee3ec7d5ea3a02b23d47f9fb140e51628ea3713c4dc8e22e5aad660924df
scripts/02_refresh_sipc_prices.py,6107,00c83bfa3991593d6c59e1203257921305ff3c35691280ea07f6f525e02cc089
scripts/03_build_sipc_master.py,10930,914d42cd6d7ec14f2fd170b3f5e7aa7efc7d22ec4fac2c10f4a0df961d8ffe76
scripts/04_build_spatial_price_index.py,15058,3c857cad84f5e0d6eaf31a2ec3364705af496cf06c7092009fc55417005ce955
scripts/05_build_local_inflation.py,12689,880f9330740c8264fc04138466be5df9d405dc3903a78bf887f20f77629bd995
scripts/06_robustify_neighborhood_inflation.py,14170,e96babed5fa5a355be1ea62f45f3a646ce6147518e04942297c0e96bc789bc6a
scripts/07_build_ccz_inflation.py,8752,877f25f1d346edc40bf6eb4984609c0fe5d5770012b84f44b1bae25a8f40c8d0
scripts/08_make_ccz_maps.py,5876,476486589fc410dda7cfd5367614b06160fb62bbcb583cd8686f348563a7ae83
scripts/09_build_ses_local_baskets.py,13875,0c97eb02739c4d05361dfcc3e5754b4e59a8277ade359b16604be4e81e759016
scripts/10_build_relative_price_levels.py,15086,a6609505c9d68cab8b8a8f65cf7ef13bc5a1c2411200e2b794b6cf84172a3f5e
scripts/11_build_stm_route_geometry.py,7593,c7ad7857704accc227ee01f95ff3ec24cd0bf73ef2015d954c126b7be99e306f
scripts/12_build_stm_ccz_network.py,16702,9a0219d7bd92ad10a042c5e4196c156ef328fa4c428f1d7029b35e22b99f536b
scripts/13_build_mobility_market_panel.py,24384,1cb15df31ad372cb86e1d6d2ec1b8e83a1257d2c17b262cdc4db69e801a3fa17
scripts/14_build_spatial_market_access.py,26803,f38b4bed27071040e55317af9d86231c71237e45fe6e36a3c4dbbb23d5ac7778
scripts/15_audit_spatial_access.py,9361,bb2e99d8165d857507a88f7d35e6a6fc3737b109daae8e4cf8a4529b9da2cb03
scripts/16_make_figures.py,14665,8c655bec75e316d9889c329c9f2cb30c2da883ef6d7cfad6c58bdd1daa496268
tables/.gitkeep,0,e3b0c44298fc1c149afbf4c8996fb92427ae41e4649b934ca495991b7852b855
verify_reproduction.py,4345,612c898acbcc41b719e9e45dbc6b7929f834f714aa7927c1c13f468531fa091f
